"","delta","lambda","f_size","Num_of_LFs","Num_of_Sig_LFs","Num_of_Interactors","sampleCV_Performance"
"1",0.01,0.5,24,172,1,0,0.623539899862098
"2",0.01,1,24,172,6,8,0.173399641213996
"3",0.1,0.5,24,88,3,4,0.735349135277308
"4",0.1,1,24,88,4,5,0.605631876535669
