"","delta","lambda","f_size","Num_of_LFs","Num_of_Sig_LFs","Num_of_Interactors","sampleCV_Performance"
"1",0.01,0.5,24,172,4,0,0.716128260125716
"2",0.01,1,24,172,2,0,0.563213799248881
"3",0.1,0.5,24,88,5,4,0.756645385734907
"4",0.1,1,24,88,2,1,0.415787507207623
