"","delta","lambda","f_size","Num_of_LFs","Num_of_Sig_LFs","Num_of_Interactors","sampleCV_Performance"
"1",0.01,0.5,24,172,2,0,0.691365147193847
"2",0.01,1,24,172,5,2,0.740506007597573
"3",0.1,0.5,24,88,1,1,0.542835641250182
"4",0.1,1,24,88,3,5,0.258129567001173
